player,nationality,position,age,minutes_90s,sca,sca_per90,sca_passes_live,sca_passes_dead,sca_dribbles,sca_shots,sca_fouled,sca_defense,gca,gca_per90,gca_passes_live,gca_passes_dead,gca_dribbles,gca_shots,gca_fouled,gca_defense,matches
"Dijk, Virgil",NED,DF,30.0,14.0,9.0,0.64,6.0,0.0,0.0,3.0,0.0,0.0,1.0,0.07,1.0,0.0,0.0,0.0,0.0,0.0,https://fbref.com/en/players/e06683ca/matchlogs/2021-2022/gca/Virgil-van-Dijk-Match-Logs
"Salah, Mohamed",EGY,FW,29.0,14.0,57.0,4.07,41.0,0.0,8.0,7.0,1.0,0.0,17.0,1.21,10.0,0.0,5.0,2.0,0.0,0.0,https://fbref.com/en/players/e342ad68/matchlogs/2021-2022/gca/Mohamed-Salah-Match-Logs
"Mané, Sadio",SEN,FW,29.0,13.2,38.0,2.89,30.0,0.0,0.0,6.0,2.0,0.0,7.0,0.53,4.0,0.0,0.0,3.0,0.0,0.0,https://fbref.com/en/players/c691bfe2/matchlogs/2021-2022/gca/Sadio-Mane-Match-Logs
Alisson,BRA,GK,29.0,13.0,0.0,0.0,0.0,0.0,0.0,0.0,0.0,0.0,0.0,0.0,0.0,0.0,0.0,0.0,0.0,0.0,https://fbref.com/en/players/7a2e46a8/matchlogs/2021-2022/gca/Alisson-Match-Logs
"Alexander-Arnold, Trent",ENG,DF,23.0,11.7,60.0,5.12,35.0,22.0,1.0,2.0,0.0,0.0,9.0,0.77,6.0,3.0,0.0,0.0,0.0,0.0,https://fbref.com/en/players/cd1acf9d/matchlogs/2021-2022/gca/Trent-Alexander-Arnold-Match-Logs
"Henderson, Jordan",ENG,MF,31.0,10.9,36.0,3.3,32.0,2.0,2.0,0.0,0.0,0.0,5.0,0.46,5.0,0.0,0.0,0.0,0.0,0.0,https://fbref.com/en/players/935e6b8f/matchlogs/2021-2022/gca/Jordan-Henderson-Match-Logs
"Jota, Diogo",POR,FW,24.0,10.2,42.0,4.1,28.0,0.0,9.0,0.0,4.0,1.0,5.0,0.49,2.0,0.0,3.0,0.0,0.0,0.0,https://fbref.com/en/players/178ae8f8/matchlogs/2021-2022/gca/Diogo-Jota-Match-Logs
"Matip, Joël",CMR,DF,30.0,10.0,12.0,1.2,9.0,0.0,0.0,2.0,1.0,0.0,3.0,0.3,2.0,0.0,0.0,0.0,1.0,0.0,https://fbref.com/en/players/b217ef29/matchlogs/2021-2022/gca/Joel-Matip-Match-Logs
"Robertson, Andrew",SCO,DF,27.0,9.6,31.0,3.21,23.0,4.0,1.0,0.0,2.0,1.0,5.0,0.52,5.0,0.0,0.0,0.0,0.0,0.0,https://fbref.com/en/players/2e4f5f03/matchlogs/2021-2022/gca/Andrew-Robertson-Match-Logs
Fabinho,BRA,MF,28.0,9.2,13.0,1.41,9.0,0.0,0.0,2.0,2.0,0.0,2.0,0.22,1.0,0.0,0.0,1.0,0.0,0.0,https://fbref.com/en/players/7f3b388c/matchlogs/2021-2022/gca/Fabinho-Match-Logs
"Alcántara, Thiago",ESP,MF,30.0,4.6,18.0,3.9,15.0,0.0,0.0,2.0,0.0,1.0,2.0,0.43,2.0,0.0,0.0,0.0,0.0,0.0,https://fbref.com/en/players/77e84962/matchlogs/2021-2022/gca/Thiago-Alcantara-Match-Logs
"Milner, James",ENG,"MF,DF",35.0,4.5,13.0,2.89,9.0,2.0,1.0,1.0,0.0,0.0,1.0,0.22,1.0,0.0,0.0,0.0,0.0,0.0,https://fbref.com/en/players/2f90f6b8/matchlogs/2021-2022/gca/James-Milner-Match-Logs
"Keïta, Naby",GUI,MF,26.0,4.0,15.0,3.73,11.0,0.0,0.0,2.0,0.0,2.0,3.0,0.75,3.0,0.0,0.0,0.0,0.0,0.0,https://fbref.com/en/players/f25c8e3a/matchlogs/2021-2022/gca/Naby-Keita-Match-Logs
"Tsimikas, Kostas",GRE,DF,25.0,4.3,16.0,3.68,10.0,6.0,0.0,0.0,0.0,0.0,2.0,0.46,1.0,1.0,0.0,0.0,0.0,0.0,https://fbref.com/en/players/f315ca93/matchlogs/2021-2022/gca/Kostas-Tsimikas-Match-Logs
"Firmino, Roberto",BRA,FW,30.0,4.1,14.0,3.4,13.0,0.0,0.0,0.0,0.0,1.0,2.0,0.49,1.0,0.0,0.0,0.0,0.0,1.0,https://fbref.com/en/players/4c370d81/matchlogs/2021-2022/gca/Roberto-Firmino-Match-Logs
"Konaté, Ibrahima",FRA,DF,22.0,4.0,4.0,1.0,4.0,0.0,0.0,0.0,0.0,0.0,1.0,0.25,1.0,0.0,0.0,0.0,0.0,0.0,https://fbref.com/en/players/5ed9b537/matchlogs/2021-2022/gca/Ibrahima-Konate-Match-Logs
"Oxlade-Chamberlain, Alex",ENG,MF,28.0,4.2,11.0,2.63,8.0,0.0,2.0,0.0,1.0,0.0,1.0,0.24,1.0,0.0,0.0,0.0,0.0,0.0,https://fbref.com/en/players/38c7feef/matchlogs/2021-2022/gca/Alex-Oxlade-Chamberlain-Match-Logs
"Jones, Curtis",ENG,MF,20.0,3.6,7.0,1.96,3.0,0.0,0.0,2.0,2.0,0.0,2.0,0.56,1.0,0.0,0.0,1.0,0.0,0.0,https://fbref.com/en/players/4fb9c88f/matchlogs/2021-2022/gca/Curtis-Jones-Match-Logs
"Elliott, Harvey",ENG,MF,18.0,2.8,15.0,5.4,9.0,1.0,1.0,2.0,2.0,0.0,1.0,0.36,1.0,0.0,0.0,0.0,0.0,0.0,https://fbref.com/en/players/c8387671/matchlogs/2021-2022/gca/Harvey-Elliott-Match-Logs
"Kelleher, Caoimhín",IRL,GK,23.0,1.0,0.0,0.0,0.0,0.0,0.0,0.0,0.0,0.0,0.0,0.0,0.0,0.0,0.0,0.0,0.0,0.0,https://fbref.com/en/players/62d7ef38/matchlogs/2021-2022/gca/Caoimhin-Kelleher-Match-Logs
"Minamino, Takumi",JPN,"FW,MF",26.0,0.5,2.0,4.19,1.0,0.0,0.0,0.0,1.0,0.0,0.0,0.0,0.0,0.0,0.0,0.0,0.0,0.0,https://fbref.com/en/players/f833a830/matchlogs/2021-2022/gca/Takumi-Minamino-Match-Logs
"Origi, Divock",BEL,FW,26.0,0.2,0.0,0.0,0.0,0.0,0.0,0.0,0.0,0.0,0.0,0.0,0.0,0.0,0.0,0.0,0.0,0.0,https://fbref.com/en/players/43a166b4/matchlogs/2021-2022/gca/Divock-Origi-Match-Logs
"Gomez, Joe",ENG,DF,24.0,0.2,0.0,0.0,0.0,0.0,0.0,0.0,0.0,0.0,0.0,0.0,0.0,0.0,0.0,0.0,0.0,0.0,https://fbref.com/en/players/7a11550b/matchlogs/2021-2022/gca/Joe-Gomez-Match-Logs
"Williams, Neco",WAL,DF,20.0,0.1,2.0,22.5,1.0,0.0,1.0,0.0,0.0,0.0,2.0,22.5,1.0,0.0,1.0,0.0,0.0,0.0,https://fbref.com/en/players/dd323728/matchlogs/2021-2022/gca/Neco-Williams-Match-Logs
"Morton, Tyler",ENG,MF,19.0,0.1,0.0,0.0,0.0,0.0,0.0,0.0,0.0,0.0,0.0,0.0,0.0,0.0,0.0,0.0,0.0,0.0,https://fbref.com/en/players/2bc28bb9/matchlogs/2021-2022/gca/Tyler-Morton-Match-Logs
